,potion,location
0,Workplace Manager ACT,Canberra
1,Engagement Co-ordinator,Sydney
2,Case Assessor,"Sydney, Rhodes"
3,Advice Case Assessor,Rhodes
4,Expressions of Interest - Senior Consultant - Manager Levels - Engineering & Asset Management,"Canberra, Sydney"
5,Senior Executive - Mergers & Acquisitions,Melbourne
6,Tech Risk - Expressions of Interest for Senior Consultants,Canberra
7,Expressions of Interest- Risk Consulting,"Melbourne, Sydney"
8,"Technology Consulting â€“ Expression of Interest for Senior Consultants, Managers, Associate Directors and Directors","Melbourne, Sydney"
9,Senior Accountant/Assistant Manager Sydney External Audit,Sydney
10,Team Leader,Rhodes
11,"People & Change - Expression of Interests for Associate Directors, Managers and Senior Consultants",Canberra
12,Human Centred Design & Innovation - Senior Consultant & Manager,Canberra
13,"Expressions of Interest - Policy, Programs & Evaluation team - Associate Directors, Managers, Senior Consultants and Consultants",Canberra
14,"Operational Excellence - Expression of Interest for Senior Consultants, Managers and Associate Directors",Canberra
15,Digital Delta - Expression of Interest,Canberra
16,"Defence Transformational Program Management - Expression of Interest for Senior Consultants, Managers and Associate Directors",Canberra
17,"Tech Advisory - Expression of Interest for Senior Consultants, Managers and Associate Directors",Canberra
18,Financial Strategy & Performance - Expression of Interest for Senior Consultants and Managers,Canberra
19,Procurement - Expression of Interest for Senior Consultants and Managers,Canberra
